id_service,id_acteur,perspective_corpus,portee_agence_reseau,operateur_identifie,support_local,nom_service,domaine,mode_livraison,statut_maturite,recurrence,couverture_horaire,niveaux_support,chaine_escalade,multi_tenant,psa_rmm,automatisation,prix_public,unite_facturation_publique,engagement_public,segments_cibles,secteurs_cibles,geographie,technologies_citees,id_source,passage_justificatif,date_observation,niveau_confiance,statut_validation
SRV-PUB-ADVENS-001,ENT-PUB-ADVENS-001,DEMANDE_MSP,,,,mySOC Managed Detection & Response,SOC / MDR,opéré en propre,Offre publiée,,24/7 déclarée,,,non établi,non établi,Machine learning; SOAR mySOC; playbooks; remédiation automatisable,,non établie,non établi,Non établi,multi-secteurs,France; Europe selon déclaration Advens,Open XDR mySOC; machine learning; Open CTI; SOAR mySOC,SRC-PUB-ADVENS-001,"Le service Managed Detection & Response vous fait gagner en visibilité, sur tous les périmètres de votre organisation. L’objectif : stopper au plus tôt les attaques et garantir la continuité de votre activité. Alors que les données sont multiples, hétérogènes et dispersées, nos analystes les visualisent, les collectent et les décryptent 24h24 et 7j/7. Leur vigilance accrue est augmentée de notre plateforme Open XDR, enrichie d’intelligence artificielle.",46220.5,"Élevée sur l’offre déclarée ; usage, qualité et rentabilité non prouvés",À valider
SRV-PUB-ADVENS-002,ENT-PUB-ADVENS-001,DEMANDE_MSP,,,,mySOC for Endpoints,SOC / MDR,piloté pour le client,Offre publiée,,24/7 déclarée,,,non établi,non établi,Traque continue; isolation; quarantaine; arrêt de processus; rollback,,non établie,non établi,Non établi,multi-secteurs,France; Europe selon déclaration Advens,Microsoft Defender; HarfangLab; Cybereason; SentinelOne; CrowdStrike,SRC-PUB-ADVENS-002,"Quelle que soit leur localisation, mySOC for Endpoints protège 24h/24 et 7j/7 vos actifs les plus exposés. Nous vous accompagnons dans le choix, la mise en œuvre et la gestion quotidienne de l’EDR adapté pour qu’il opère à 100 % de son potentiel.",46220.5,"Élevée sur l’offre déclarée ; le passage prouve l’accompagnement et la gestion quotidienne de l’EDR, pas une exploitation généralisée.",À valider
SRV-PUB-ADVENS-003,ENT-PUB-ADVENS-001,DEMANDE_MSP,,,,mySOC for IT (SIEM / NDR),SOC / MDR,opéré en propre,Offre publiée,,24/7 via mySOC déclaré,,,non établi,non établi,Normalisation; enrichissement; corrélation; algorithmes comportementaux,,non établie,non établi,Non établi,multi-secteurs,France; Europe selon déclaration Advens,Gatewatcher; Vectra; Microsoft Sentinel,SRC-PUB-ADVENS-002,"mySOC for IT centralise, enrichit et corrèle les données de vos équipements applicatifs, périmétriques et infrastructures. Nos analystes et ingénieurs en détection, augmentés par nos algorithmes comportementaux, vous accompagnent jusqu’à la résolution complète des incidents de sécurité.",46220.5,"Élevée sur l’offre déclarée ; usage, qualité et rentabilité non prouvés",À valider
SRV-PUB-ADVENS-004,ENT-PUB-ADVENS-001,DEMANDE_MSP,,,,mySOC for Cloud,SOC / MDR,non établi,Offre publiée,,24/7 via mySOC déclaré,,,non établi,non établi,Corrélation cloud et on-premise; plan de surveillance unique,,non établie,non établi,Secteur public,multi-secteurs,France; Europe selon déclaration Advens,environnements cloud non nommés dans le passage,SRC-PUB-ADVENS-002,C’est le rôle de mySOC for Cloud : vous redonner de la visibilité sur vos environnements Cloud publics et orchestrer un plan de surveillance unique avec vos environnements on-premise.,46220.5,Élevée sur l’offre déclarée ; la source ne permet pas d’établir qui opère techniquement le service.,À valider
SRV-PUB-ADVENS-005,ENT-PUB-ADVENS-001,DEMANDE_MSP,,,,mySOC for Vulnerabilities,Vulnérabilités / exposition,piloté pour le client,Offre publiée,,non établie,,,non établi,non établi,Orchestration de campagnes de scans; priorisation; suivi du backlog,,non établie,non établi,Non établi,multi-secteurs,France; Europe selon déclaration Advens,outils de scan non nommés dans le passage,SRC-PUB-ADVENS-002,"C’est le rôle de mySOC for Vulnerabilities : vous aider à identifier, prioriser et corriger vos failles les plus critiques.",46220.5,"Élevée sur l’offre déclarée ; usage, qualité et rentabilité non prouvés",À valider
SRV-PUB-ADVENS-006,ENT-PUB-ADVENS-001,DEMANDE_MSP,,,,mySOC for OT / IoT,OT / IoT,non établi,Offre publiée,,24/7 déclarée pour les sondes,,,non établi,non établi,Corrélation d’événements industriels dans un plan de surveillance,,non établie,non établi,Non établi,industrie; infrastructures critiques,France; Europe selon déclaration Advens,sondes OT dédiées non nommées dans le passage,SRC-PUB-ADVENS-002,C’est pour cela que mySOC for OT/IoT a été conçu : vous permettre de détecter et de réagir à ces incidents sans perturber la production.,46220.5,Élevée sur l’offre déclarée ; la source ne permet pas d’établir la frontière entre opération Advens et pilotage client.,À valider
SRV-PUB-ADVENS-007,ENT-PUB-ADVENS-001,DEMANDE_MSP,,,,SOC qualifié PDIS,SOC / MDR,opéré en propre,Offre publiée,,non établie dans la preuve de qualification,,,non établi,non établi,non établie pour le périmètre qualifié,,non établie,Qualification PDIS du 2025-08-21 au 2028-08-21,Entreprises — taille non établie,organisations critiques publiques et privées,France; Europe selon déclaration Advens,plateforme souveraine mySOC déclarée par Advens,SRC-PUB-ADVENS-004,"Avec cette qualification, Advens peut désormais proposer, en complément de son offre SOC-as-a-Service mySOC déjà reconnue sur le marché, un service dédié de SOC qualifié PDIS pour les organisations nécessitant le plus haut niveau de protection Cyber.",46220.5,"Élevée sur l’offre déclarée ; usage, qualité et rentabilité non prouvés",À valider
SRV-PUB-ADVENS-008,ENT-PUB-ADVENS-001,DEMANDE_MSP,,,,SOC mutualisé santé CAIH,SOC / MDR,co-délivré,Offre publiée,,24/7,,,mutualisation déclarée ; architecture multi-tenant non établie,non établi,non établie,,Prix unique; pas de frais de mise en service; abonnement annuel investigation/remédiation adapté à la taille,Marché du 2023-05-31 au 2027-05-30,Secteur public,santé; social; médico-social,France,EDR; NDR; protection de messagerie; protection de flotte mobile; autres sources alimentables,SRC-PUB-ADVENS-006,"Le marché est composé d’un lot unique, regroupant les services suivants : - Services managés 24/7 : EDR, NDR, protection de messagerie, protection de flotte mobile, audit et gestion de vulnérabilités...",46220.5,"Élevée sur le marché publié ; adoption, volumes et rentabilité non publics",À valider
SRV-PUB-TEKSORIA-001,ENT-PUB-TEKSORIA-001,DEMANDE_MSP,,,,Forfait Essentiel,Sauvegarde / PRA,opéré en propre,Offre publiée,,Helpdesk 5j/7 ; supervision et monitoring 24/7 déclarés,,,non établi,RMM déclaré ; outil non nommé,Alertes automatiques RMM et maintenance préventive déclarées,27 € HT,par mois et par poste,Durée d’un an déclarée ; résiliation à tout moment avec préavis de 30 jours — articulation à valider,TPE,multi-secteurs,Rhône-Alpes,RMM non nommé ; sauvegarde cloud non nommée,SRC-PUB-TEKSORIA-001,Essentiel Pour les petites structures qui veulent un IT fiable sans prise de tête. 27 € HT / mois / poste Support helpdesk illimité (5j/7) Supervision & monitoring 24/7 Maintenance préventive Sauvegarde Cloud quotidienne 1 To Jusqu'à 50 postes,46220.5,Élevée sur le catalogue et le prix affiché ; réalisation et facturation non vérifiées,À valider
SRV-PUB-TEKSORIA-002,ENT-PUB-TEKSORIA-001,DEMANDE_MSP,,,,Forfait Business,Cloud / collaboration,non établi,Offre publiée,,Support prioritaire 6j/7 ; supervision 24/7 héritée d’Essentiel,,,non établi,RMM déclaré via Essentiel ; PSA non établi,Supervision et alertes automatiques RMM déclarées via Essentiel,69 € HT,par mois et par poste,Durée d’un an déclarée ; résiliation à tout moment avec préavis de 30 jours — articulation à valider,PME,multi-secteurs,Rhône-Alpes,Microsoft 365 Business ; EDR non nommé ; SOC light ; Microsoft Azure ; PRA,SRC-PUB-TEKSORIA-001,"Business L'offre complète pour les PME en croissance. Sécurité renforcée et Cloud inclus. 69 € HT / mois / poste Tout Essentiel, plus : Support prioritaire 6j/7 Microsoft 365 Business — déploiement & gestion Cybersécurité avancée (EDR, SOC light) Infrastructure Cloud Azure managée PRA — Plan de reprise d'activité Audit de sécurité trimestriel Jusqu'à 250 postes",46220.5,Élevée sur le catalogue et le prix affiché ; mode de livraison cyber non établi,À valider
SRV-PUB-TEKSORIA-003,ENT-PUB-TEKSORIA-001,DEMANDE_MSP,,,,Forfait Enterprise,Cloud / collaboration,non établi,Offre publiée,,Support 24/7 avec SLA garanti déclaré,,,non établi,non établi,Intégration IA et Copilot déclarée ; automatisation opérationnelle non détaillée,Sur mesure,devis ; unité non établie,Durée d’un an déclarée ; résiliation à tout moment avec préavis de 30 jours — articulation à valider,Grands comptes,multi-secteurs,non établie,Microsoft Copilot ; SOC managé complet non nommé,SRC-PUB-TEKSORIA-001,"Enterprise Pour les organisations exigeantes. Architecture sur-mesure, SLA garanti, IA intégrée. Sur mesure Tout Business, plus : Support 24/7 avec SLA garanti Architecte Cloud dédié SOC managé complet Intégration IA & Copilot Consulting stratégique DSI externalisée Formation continue de vos équipes Postes illimités",46220.5,"Élevée sur le catalogue affiché ; prix, SLA et mode de livraison à valider",À valider
SRV-PUB-TEKSORIA-004,ENT-PUB-TEKSORIA-001,DEMANDE_MSP,,,,Infogérance IT,Support / infogérance,opéré en propre,Offre publiée,,Monitoring 24/7 déclaré ; horaires helpdesk non établis hors forfaits,,,non établi,RMM et ticketing déclarés ; outils non nommés,Alertes automatiques ; seuils de monitoring ; mises à jour ; reporting mensuel,Non établi hors forfaits,Forfaits affichés par mois et par poste,SLA définis avec le client ; détails non publics,PME,multi-secteurs,Rhône-Alpes,RMM et ticketing non nommés,SRC-PUB-TEKSORIA-002,"Grâce à des outils de supervision avancés (RMM), nous surveillons en temps réel l'état de santé de vos équipements : charge processeur, espace disque, état des sauvegardes, mises à jour de sécurité et performances réseau. Les alertes automatiques nous permettent d'intervenir avant qu'une panne ne se produise.",46220.5,Élevée sur la capacité déclarée ; outils et performance non vérifiés,À valider
SRV-PUB-TEKSORIA-005,ENT-PUB-TEKSORIA-001,DEMANDE_MSP,,,,Sécurité et cyberdéfense,Vulnérabilités / exposition,non établi,Offre publiée,,SOC 24/7 déclaré ; autres services non établis,,,non établi,non établi,Détection assistée par IA déclarée ; mécanismes non documentés,Non établi,non établie,non établi,PME; ETI,"Industriel, médical et technologique évoqués",France,EDR/XDR ; SIEM ; NGFW ; MFA ; IA — fournisseurs non nommés,SRC-PUB-TEKSORIA-003,"Notre SOC externalisé surveille votre infrastructure 24/7 et détecte les comportements anormaux grâce à l'intelligence artificielle. En cas d'incident, notre équipe de réponse intervient immédiatement pour contenir la menace, préserver les preuves et restaurer vos systèmes dans les plus brefs délais.",46220.5,Moyenne à élevée sur l’offre déclarée ; livraison et performances non établies,À valider
SRV-PUB-TEKSORIA-006,ENT-PUB-TEKSORIA-001,DEMANDE_MSP,,,,SOC light — composante Business,SOC / MDR,non établi,Offre publiée,,non établie pour le SOC light,,,non établi,non établi,non établie,Inclus dans Business à 69 € HT,par mois et par poste via le forfait Business,Voir engagement du forfait Business,PME,multi-secteurs,non établie,EDR non nommé ; SOC light non défini,SRC-PUB-TEKSORIA-001,"Cybersécurité avancée (EDR, SOC light) Infrastructure Cloud Azure managée PRA — Plan de reprise d'activité Audit de sécurité trimestriel Jusqu'à 250 postes",46220.5,"Élevée sur la mention commerciale ; périmètre, opérateur et couverture non établis",À valider
SRV-PUB-TEKSORIA-007,ENT-PUB-TEKSORIA-001,DEMANDE_MSP,,,,SOC managé complet — composante Enterprise,SOC / MDR,non établi,Offre publiée,,24/7 déclaré sur la page cyber ; rattachement contractuel exact à Enterprise à valider,,,non établi,non établi,Détection assistée par IA déclarée ; mécanismes non documentés,Inclus dans Enterprise — sur mesure,devis ; unité non établie,Voir engagement du forfait Enterprise,Grands comptes,multi-secteurs,non établie,SOC non nommé ; IA non nommée,SRC-PUB-TEKSORIA-001,Support 24/7 avec SLA garanti Architecte Cloud dédié SOC managé complet Intégration IA & Copilot Consulting stratégique DSI externalisée Formation continue de vos équipes Postes illimités,46220.5,"Élevée sur la mention ; opérateur, périmètre et SLA non établis",À valider
SRV-PUB-TEKSORIA-008,ENT-PUB-TEKSORIA-001,DEMANDE_MSP,,,,Infrastructure cloud managée,Sauvegarde / PRA,piloté pour le client,Offre publiée,,Monitoring 24/7 et support L2/L3 déclarés ; détails non publics,,,non établi,non établi,"Auto-scaling, sauvegarde et PRA cités ; niveau d’automatisation non établi",Inclus dans Business ; tarif autonome non établi,non établie hors forfait Business,SLA et gouvernance contractuels déclarés ; détails non publics,PME,"Santé, secteur public et défense pour contraintes réglementaires",Rhône-Alpes,Microsoft Azure ; Amazon Web Services ; clouds souverains français non nommés,SRC-PUB-TEKSORIA-009,"Nous travaillons principalement avec Microsoft Azure et Amazon Web Services (AWS), les deux leaders du marché, mais aussi avec des clouds souverains français pour les entreprises soumises à des contraintes réglementaires spécifiques (données de santé, secteur public, défense).",46220.5,Élevée sur le pilotage déclaré ; usage client et niveau de maîtrise non vérifiés,À valider
SRV-PUB-DIGILUX-001,ENT-PUB-DIGILUX-001,DEMANDE_MSP,,,,DSI à temps partagé,Conseil / pilotage,piloté pour le client,Offre publiée,Récurrente ; suivi régulier et accompagnement long terme déclarés,non établie,,,non applicable / non établi,non établi,Tableaux de bord et indicateurs de suivi déclarés ; outils non nommés,Non établi,non établie,Engagement selon les besoins identifiés ; durée contractuelle non publiée,PME,multi-secteurs,Nord Nouvelle-Aquitaine ; régional,Aucune technologie propriétaire ; outils de pilotage non nommés,SRC-PUB-DIGILUX-001,J’assure un suivi régulier et m’engage selon les besoins identifiés. Accompagnement stratégique sur le long terme ; Rapports réguliers au CODIR et gestion proactive des prestataires IT ; Mise en place d’une gouvernance adaptée aux évolutions technologiques.,46220.5,"Élevée sur la prestation déclarée ; charge, tarif et résultats non publics",À valider
SRV-PUB-DIGILUX-002,ENT-PUB-DIGILUX-001,DEMANDE_MSP,,,,CyberPartage — RSSI à temps partagé,Gouvernance / conformité,piloté pour le client,Offre publiée,Récurrente ; temps dédiés selon les besoins,non établie,,,non applicable / non établi,non établi,non établie,Non établi,temps dédié ou forfait non établi,Selon les besoins identifiés ; durée non publiée,Non établi,multi-secteurs,régionale,PSSI ; aucun outil d’exploitation attribué,SRC-PUB-DIGILUX-002,"Je vous propose une prestation à temps partagé, pour les structures n’ayant pas les moyens de recruter un RSSI (Responsable de la Sécurité des Systèmes d’Information) à plein temps. Organisation et pilotage de la politique de cybersécurité ; Réalisation de diagnostics, plans d’actions et PSSI ; Mise en situation pour tester et améliorer la sécurité ; Temps dédiés en fonction des besoins identifiés.",46220.5,Élevée sur l’offre déclarée ; récurrence et charge réelles non observées,À valider
SRV-PUB-DIGILUX-003,ENT-PUB-DIGILUX-001,DEMANDE_MSP,,,,Audit et diagnostic SI / cyber,Vulnérabilités / exposition,opéré en propre,Offre publiée,Ponctuelle ou périodique ; fréquence non établie,non applicable,,,non applicable,non applicable,non établie,Non établi,par mission ou forfait non établi,non établi,TPE; PME; Associations / professions libérales,multi-secteurs,régionale,"Méthodes d’audit ; EDR, IAM, pare-feu et sauvegarde cités comme catégories, pas comme outils opérés",SRC-PUB-DIGILUX-002,"Je réalise un audit complet de votre sécurité cyber : stratégie, organisation, pilotage, sensibilisation des utilisateurs et outils techniques. Évaluation complète de votre maturité en cybersécurité ; Comparaison par rapport aux meilleures pratiques actuelles du secteur ; Priorisation des actions à engager ; Recommandations détaillées pour améliorer votre posture de sécurité.",46220.5,Élevée sur la prestation de conseil ; tests techniques et éventuelle sous-traitance non détaillés,À valider
SRV-PUB-DIGILUX-004,ENT-PUB-DIGILUX-001,DEMANDE_MSP,,,,Feuille de route / SDSI,Conseil / pilotage,opéré en propre,Offre publiée,Ponctuelle avec suivi possible sur plusieurs années,non applicable,,,non applicable,non applicable,Tableaux de bord déclarés ; outils non nommés,Non établi,par mission non établie,non établi,PME,multi-secteurs,régionale,SDSI ; aucun éditeur cité,SRC-PUB-DIGILUX-001,Je vous accompagne dans la formalisation d’un Schéma Directeur des Systèmes d’Information (SDSI). Collecte des besoins métiers par des interviews et enquêtes auprès de toutes les parties prenantes ; Analyse de l’infrastructure IT existante avec cartographie du SI actuel ; Priorisation des projets en fonction des risques et des bénéfices attendus ; Définition des objectifs IT à moyen et long terme ; Présentation de la roadmap aux instances dirigeantes.,46220.5,Élevée sur la méthode déclarée ; durée et tarifs non publics,À valider
SRV-PUB-DIGILUX-005,ENT-PUB-DIGILUX-001,DEMANDE_MSP,,,,AMO et sélection de prestataires,Conseil / pilotage,piloté pour le client,Offre publiée,Par projet,non applicable,,,non applicable,non applicable,non établie,Non établi,par projet non établie,non établi,PME,multi-secteurs,régionale,Aucune solution imposée ; benchmarking et veille déclarés,SRC-PUB-DIGILUX-001,Rédaction des cahiers des charges et spécifications techniques ; Benchmarking et veille technologique pour sélectionner les meilleures solutions ; Mise en concurrence des prestataires et aide au choix ; Sécurisation des relations contractuelles pour garantir les meilleures conditions.,46220.5,Élevée sur la prestation déclarée ; critères et pondérations varient selon projet,À valider
SRV-PUB-DIGILUX-006,ENT-PUB-DIGILUX-001,DEMANDE_MSP,,,,Gestion des prestataires et des contrats,Multi-domaine,piloté pour le client,Offre publiée,Récurrente ou par projet,non établie,,,non applicable,non établi,Reporting et indicateurs déclarés,Non établi,non établie,non établi,PME,multi-secteurs,régionale,Aucune technologie spécifique,SRC-PUB-DIGILUX-001,"Je prends en charge la direction de vos projets IT pour garantir leur succès. Mise en place des instances de gouvernance ; Pilotage des prestataires et respect des objectifs clients ; Supervision des plannings, ressources et budgets ; Suivi rigoureux pour assurer la réalisation conforme des projets.",46220.5,Élevée sur le pilotage déclaré ; niveau de service et charge non publics,À valider
SRV-PUB-DIGILUX-007,ENT-PUB-DIGILUX-001,DEMANDE_MSP,,,,Accompagnement à la surveillance continue,Sauvegarde / PRA,piloté pour le client,Offre publiée,Continue pour le client ; intervention Digilux non établie,non établie,,,non établi,non établi,Systèmes de surveillance continue évoqués ; outils et automatisation non établis,Non établi,non établie,non établi,PME,multi-secteurs,non établie,Systèmes de surveillance non nommés,SRC-PUB-DIGILUX-001,J’optimise vos infrastructures numériques en réalisant des audits de performance et en implémentant des solutions adaptées et personnalisées. J’améliore l’efficacité opérationnelle en mettant en place des systèmes de surveillance continue. Je recommande des mises à jour matérielles et logicielles régulières pour maintenir un haut niveau de performance.,46220.5,Moyenne — la mise en place est déclarée mais l’opérateur technique et la couverture ne sont pas identifiés,À valider
SRV-PUB-DIGILUX-008,ENT-PUB-DIGILUX-001,DEMANDE_MSP,,,,Accompagnement sauvegarde / PCA / PRA,Sauvegarde / PRA,piloté pour le client,Offre publiée,Ponctuelle ou intégrée au DSI à temps partagé ; fréquence non établie,non établie,,,non établi,non établi,Sauvegarde automatisée citée ; solution et opérateur non établis,Non établi,non établie,non établi,PME,multi-secteurs,régionale,Sauvegarde automatisée ; gestion des accès ; PCA/PRA évalués dans le quiz ; aucun fournisseur cité,SRC-PUB-DIGILUX-001,J’implémente des solutions de sauvegarde automatisées et des politiques de gestion des accès pour minimiser les risques.,46220.5,"Élevée sur l’intervention déclarée ; opérateur technique, tests PCA/PRA et couverture non établis",À valider
SRV-PUB-DIGILUX-009,ENT-PUB-DIGILUX-001,DEMANDE_MSP,,,,Accompagnement cloud et cybersécurité,Cloud / collaboration,piloté pour le client,Offre publiée,Par projet ou temps partagé,non établie,,,non établi,non établi,non établie,Non établi,non établie,non établi,TPE; PME; Associations / professions libérales,multi-secteurs,régionale,"Cloud / SaaS ; EDR ; sauvegarde ; IAM ; pare-feu ; IDS — catégories, pas fournisseurs opérés",SRC-PUB-DIGILUX-002,"Je conseille la mise en place de : solutions de cybersécurité adaptées (antimalware comportemental EDR, stratégie de sauvegarde, sécurisation des postes de travail et des infrastructures) protocoles de réponse rapide pour prévenir et gérer les attaques.",46220.5,"Élevée sur le conseil déclaré ; intégration, revente et exploitation non établies",À valider
SRV-PUB-IRONIE-001,ENT-PUB-IRONIE-001,DEMANDE_MSP,,,,Sécurité managée 360,Support / infogérance,opéré en propre,Offre publiée,Récurrente déclarée,non établie,Support logiciel et matériel déclaré ; niveaux non détaillés au niveau du portefeuille,non établie,non établi,non établi,Monitoring et alertes déclarés,Non établi,non établie,non établi,TPE; PME; ETI,multi-secteurs,"France, avec implantations dans le quart nord-ouest",Portefeuille multi-éditeur ; détails dans les services composants,SRC-PUB-IRONIE-001,"Solutions de sécurité opérées par nos soins Installation, Configuration, Mises à jour, Évolutions Support logiciel et matériel, gestion des logs Accompagnement sur-mesure, dans la durée Monitoring et alerte",46224.5,Élevée sur l’offre déclarée ; livraison et performance non auditées,À valider
SRV-PUB-IRONIE-002,ENT-PUB-IRONIE-001,DEMANDE_MSP,,,,FIREWALL360,Réseau / sécurité périmétrique,opéré en propre,Offre publiée,Récurrente déclarée,non établie,Support logiciel et matériel déclaré ; niveaux non établis,non établie,non établi,non établi,Répartition automatique du trafic SD-WAN citée,Non établi,non établie,non établi,TPE; PME; ETI,multi-secteurs,"France, avec implantations dans le quart nord-ouest","SD-WAN, Wi-Fi, Web Filter, antivirus, Application Control, IPS, VPN ; éditeur non nommé dans le passage",SRC-PUB-IRONIE-001,"On s’occupe de tout ! Installation, Configuration, Mises à jour, Évolutions Support logiciel et matériel, gestion des logs Supervision et alertes",46224.5,Élevée sur l’offre déclarée ; livraison et performance non auditées,À valider
SRV-PUB-IRONIE-003,ENT-PUB-IRONIE-001,DEMANDE_MSP,,,,SOC360,SOC / MDR,non établi,Offre publiée,Récurrente déclarée,Surveillance et traitement déclarés ; 24/7 non établi,MDR + SOC cités ; répartition IRONIE / éditeur non établie,Corrélation et escalade des alertes qualifiées citées ; délais et destinataires non établis,non établi,non établi,Patch management automatisé cité,Non établi,non établie,non établi,TPE; PME; ETI,multi-secteurs,"France, avec implantations dans le quart nord-ouest","Bitdefender GravityZone MSP ; EPP, EDR, XDR, MDR, SOC",SRC-PUB-IRONIE-001,"GravityZone MSP Solution de protection des postes de travail et serveurs, ainsi que de votre environnement Microsoft Active Directory, Entra et Office365 (Exchange Online, SharePoint Online, OneDrive). La solution comprend les options suivantes : EPP + EDR : antivirus et télémétrie des endpoints Patch management : gestion automatisée des mises à jour XDR : télémétrie messagerie, cloud, réseau MDR + SOC : traitement des incidents, corrélation, escalade des alertes qualifiées",46224.5,Élevée sur le contenu déclaré ; mode réel du SOC et usage des options non établis,À valider
SRV-PUB-IRONIE-004,ENT-PUB-IRONIE-001,DEMANDE_MSP,,,,ASSIST360 — support N1 à N3,Support / infogérance,opéré en propre,Offre publiée,Récurrente déclarée,Support téléphonique pendant les horaires d’ouverture ; la plage 9h–18h publiée pour les bureaux reste à confirmer pour le support,N1 diagnostic et restauration ; N2 causes récurrentes ; N3 expertise spécialisée,N1 vers niveau supérieur si compétence insuffisante ; N2 vers niveau supérieur si non résolu ; escalade éditeur non documentée,non établi,non établi,Ticket ouvert au N1 ; outil de ticketing non nommé,Non établi,non établie,non établi,TPE; PME; ETI,multi-secteurs,"France, avec implantations dans le quart nord-ouest","Architecture systèmes et réseaux, cybersécurité, Active Directory",SRC-PUB-IRONIE-001,"Niveau 1 : résolution d’incidents La tâche de l’intervenant consiste à établir un premier diagnostic de l’incident technique et à résoudre les incidents pour une restauration du service dans les meilleurs délais. Concrètement, le technicien ouvre un ticket résumant vos problèmes et le diagnostic de solutions à apporter selon lui. Si l’incident dépasse ses compétences, le ticket est escaladé au niveau de support supérieur. Niveau 2 : résolution de problèmes L’objectif du technicien ou de l’ingénieur qui intervient est d’identifier et de corriger les sources d’erreurs récurrentes. Dans le cas où ils ne peuvent pas résoudre la demande, cette dernière est escaladée au niveau de support supérieur. Niveau 3 : expertise poussée spécifique Le dernier niveau de support est composé d’ingénieurs, d’administrateurs et d’architectes systèmes et réseaux spécialisés dans un domaine en particulier : architecture systèmes et réseaux, cybersécurité, gestion de l’Active Directory… Il intervient uniquement lorsque son expertise est requise pour résoudre des demandes ou incidents à la complexité élevée.",46224.5,Élevée sur l’offre déclarée ; livraison et performance non auditées,À valider
SRV-PUB-IRONIE-005,ENT-PUB-IRONIE-001,DEMANDE_MSP,,,,MCO / MCS,Support / infogérance,opéré en propre,Offre publiée,Récurrente déclarée,non établie,Rattaché à ASSIST360 ; niveaux spécifiques non publiés,Pilotage de plans d’actions cité ; escalade non établie,non établi,non établi,non établie,Non établi,non établie,non établi,TPE; PME; ETI,multi-secteurs,"France, avec implantations dans le quart nord-ouest","Bases de données, systèmes d’exploitation, logiciels applicatifs cités comme exemples",SRC-PUB-IRONIE-001,"Le Maintien en Conditions de Sécurité (MCS) a pour objectif de sécuriser les actifs matériels et informationnels de l’entreprise. En clair, l’objectif est de s’assurer que les actifs à maintenir ne présentent pas de failles de sécurité. Pour cela une activité de veille, d’analyse d’impact des vulnérabilités identifiés et de pilotage de plans d’actions associés est ainsi mis œuvre par les équipes en charge du MCS.",46224.5,Élevée sur l’offre déclarée ; livraison et performance non auditées,À valider
SRV-PUB-IRONIE-006,ENT-PUB-IRONIE-001,DEMANDE_MSP,,,,Technical Account Manager (TAM),Support / infogérance,opéré en propre,Offre publiée,Récurrence non établie,non établie,Expertise maximale déclarée ; niveau formel non établi,Liens privilégiés avec l’éditeur déclarés ; processus et délais non publiés,non établi,non établi,non applicable,Non établi,non établie,non établi,TPE; PME; ETI,multi-secteurs,"France, avec implantations dans le quart nord-ouest","Fortinet, Palo Alto, Stormshield, PulseSecure, F5, InWebo, Wallix",SRC-PUB-IRONIE-001,"La prestation de responsable technique de compte permet d’avoir l’expertise maximale sur une technologie, avec des liens privilégiés avec l’éditeur. Nous pouvons vous proposer ceci pour : Fortinet, Palo Alto, Stormshield, PulseSecure, F5, InWebo, Wallix.",46224.5,Élevée sur l’offre déclarée ; livraison et performance non auditées,À valider
SRV-PUB-IRONIE-007,ENT-PUB-IRONIE-001,DEMANDE_MSP,,,,MONITOR360,Multi-domaine,opéré en propre,Offre publiée,Récurrente déclarée,Interrogation très régulière déclarée ; cadence et astreinte non établies,"Alertes aux techniciens IRONIE, au client ou à un tiers ; traitement non détaillé",Destinataires configurables déclarés ; niveaux et délais non établis,non établi,non établi,Plateforme de surveillance interrogeant les actifs et envoyant des alertes,Non établi,non établie,non établi,TPE; PME; ETI,multi-secteurs,"France, avec implantations dans le quart nord-ouest","Sites web, serveurs mail, bases de données, sauvegardes, serveurs DNS",SRC-PUB-IRONIE-001,"Très régulièrement, notre plateforme de surveillance interroge et vérifie le bon fonctionnement de vos systèmes informatiques : votre site web, votre serveur de mail, votre base de données, vos sauvegardes, vos serveurs DNS, … En cas de dysfonctionnement, le service de Monitoring envoie des alertes par email à nos techniciens, à vous, ou à toute autre personne concernée.",46224.5,Élevée sur l’offre déclarée ; livraison et performance non auditées,À valider
SRV-PUB-IRONIE-008,ENT-PUB-IRONIE-001,DEMANDE_MSP,,,,DMARC360,Messagerie / domaines,opéré en propre,Offre publiée,Récurrente déclarée,Surveillance continue déclarée ; disponibilité humaine non établie,Points réguliers déclarés ; niveaux N1–N3 non établis,Non-conformités revues avec le client ; escalade non publiée,non établi,non établi,Surveillance continue des noms de domaine déclarée,Non établi,non établie,non établi,TPE; PME; ETI,multi-secteurs,"France, avec implantations dans le quart nord-ouest","SPF, DKIM, DMARC, DNSSEC, MTA-STS",SRC-PUB-IRONIE-001,"Nous vous proposons d’implémenter avec vous tous les mécanismes modernes, les bonnes pratiques, vous permettant aussi d’émaliorer la dévliverabilité de vos emails vers vos destinataires (clients, fournisseurs, partenaires). Ainsi démystifiés, le SPF , DKIM et DMARC seront compris et utilisés à bon escient. Tout comme DNSSEC ou MTA-STS. Nous opérons ensuite un service de surveillance continue de vos noms de domaine, et faisons des points réguliers avec vous sur les non-conformités.",46224.5,Élevée sur l’offre déclarée ; livraison et performance non auditées,À valider
SRV-PUB-XEFI-CANNES-001,ENT-PUB-XEFI-CANNES-001,DEMANDE_MSP,Service local déclaré et contrat réseau disponible,XEFI Cannes pour une part locale déclarée ; répartition avec le réseau non publiée,Maintenance préventive et curative locale déclarée,Infogérance et maintenance du parc,Endpoint / poste de travail,non établi,Offre publiée,Récurrence déclarée ou implicite ; contrat exact à valider,Horaires d’agence publiés ; SLA de support non établi,"Assistance téléphonique, télémaintenance et intervention sur site au catalogue réseau ; répartition locale non établie",Distance vers site ; escalade réseau non documentée,non établi,non établi,Supervision proactive et mises à jour au catalogue réseau,non publié,non établie,non établi,TPE; PME,multi-secteurs,Alpes-Maritimes pour l’agence ; infrastructure réseau nationale,Aucune technologie locale explicitement prouvée,SRC-PUB-XEFI-CANNES-001,"Nous proposons des services de maintenance préventive et curative, d’infogérance (poste, serveur, réseau), de gestion de parc informatique et d’administration cloud.",46224.5,Moyenne à élevée sur l’offre publiée ; frontière agence/réseau à valider,À valider
SRV-PUB-XEFI-CANNES-002,ENT-PUB-XEFI-CANNES-001,DEMANDE_MSP,Support de proximité déclaré ; dispositif réseau accessible,non établi,Support de proximité déclaré par France Num,Support utilisateurs et assistance,Support / infogérance,non établi,Offre publiée,Récurrence déclarée ou implicite ; contrat exact à valider,Agence : lundi-jeudi 08:30-12:00 / 13:30-18:00 ; vendredi jusqu’à 17:00 ; horaires de support non établis,Technicien conseil au catalogue réseau ; niveaux et effectifs locaux inconnus,Prise en main à distance et intervention sur site au catalogue réseau ; escalade centrale inconnue,non établi,non établi,non établie,non publié,non établie,non établi,TPE; PME,multi-secteurs,Alpes-Maritimes pour l’agence ; infrastructure réseau nationale,Aucune technologie locale explicitement prouvée,SRC-PUB-XEFI-CANNES-002,Lundi 08:30-12:00 13:30-18:00 Mardi 08:30-12:00 13:30-18:00 Mercredi 08:30-12:00 13:30-18:00 Jeudi 08:30-12:00 13:30-18:00 Vendredi 08:30-12:00 13:30-17:00 Samedi Fermé Dimanche Fermé,46224.5,Moyenne à élevée sur l’offre publiée ; frontière agence/réseau à valider,À valider
SRV-PUB-XEFI-CANNES-003,ENT-PUB-XEFI-CANNES-001,DEMANDE_MSP,Service commercialisé localement ; opérateur non nommé,non établi,non établi,Supervision informatique 24/7 déclarée,Endpoint / poste de travail,non établi,Offre publiée,Récurrence déclarée ou implicite ; contrat exact à valider,"24/7 déclaré sur France Num ; présence humaine, périmètre et astreinte non établis",non établi,non établie,non établi,non établi,Supervision déclarée ; outil et automatisation non publiés,non publié,non établie,non établi,TPE; PME,multi-secteurs,Alpes-Maritimes pour l’agence ; infrastructure réseau nationale,Aucune technologie locale explicitement prouvée,SRC-PUB-XEFI-CANNES-001,"Nous intégrons des solutions de cybersécurité (firewall UTM, antivirus managé, filtrage web, supervision 24/7), de sauvegarde hybride (locale et cloud), ainsi que des environnements virtualisés.",46224.5,Moyenne à élevée sur l’offre publiée ; frontière agence/réseau à valider,À valider
SRV-PUB-XEFI-CANNES-004,ENT-PUB-XEFI-CANNES-001,DEMANDE_MSP,Service local déclaré ; socle réseau disponible,non établi,Intégration locale déclarée ; maintenance et escalade non détaillées,Protection endpoint et antivirus managé,Endpoint / poste de travail,non établi,Offre publiée,Récurrence déclarée ou implicite ; contrat exact à valider,non établi,non établi,non établie,non établi,non établi,Mises à jour/gestion managée déclarées sans outil nommé,non publié,non établie,non établi,TPE; PME,multi-secteurs,Alpes-Maritimes pour l’agence ; infrastructure réseau nationale,Antivirus managé ; aucune marque locale prouvée,SRC-PUB-XEFI-CANNES-001,"Nous intégrons des solutions de cybersécurité (firewall UTM, antivirus managé, filtrage web, supervision 24/7), de sauvegarde hybride (locale et cloud), ainsi que des environnements virtualisés.",46224.5,Moyenne à élevée sur l’offre publiée ; frontière agence/réseau à valider,À valider
SRV-PUB-XEFI-CANNES-005,ENT-PUB-XEFI-CANNES-001,DEMANDE_MSP,Intégration locale déclarée ; offre managée réseau publiée,Équipes XEFI non localisées dans la source nationale,Intégration locale publiée ; maintenance locale non prouvée,Pare-feu et réseau sécurisé,IAM / accès,non établi,Offre publiée,Récurrence déclarée ou implicite ; contrat exact à valider,non établi,non établi,Intervention rapide déclarée nationalement ; destination et délais locaux non établis,non établi,non établi,Mise à jour automatique et supervision à distance au catalogue réseau,non publié,non établie,non établi,TPE; PME,multi-secteurs,Alpes-Maritimes pour l’agence ; infrastructure réseau nationale,Firewall UTM localement ; aucune marque locale prouvée,SRC-PUB-XEFI-CANNES-006,"PARE-FEU MIS À JOUR ET SUPERVISÉ Boîtier installé sur site avec supervision à distance Mise à jour automatique, maintenance continue, intervention rapide Filtrage des connexions, blocage des menaces, accès distant sécurisé",46224.5,Moyenne à élevée sur l’offre publiée ; frontière agence/réseau à valider,À valider
SRV-PUB-XEFI-CANNES-006,ENT-PUB-XEFI-CANNES-001,DEMANDE_MSP,Sauvegarde hybride commercialisée localement ; stockage et supervision réseau,Équipes techniques XEFI et datacenters du réseau ; rôle précis de Cannes non publié,Accompagnement technique local déclaré par XEFI,Sauvegarde hybride et restauration,Sauvegarde / PRA,co-délivré,Offre publiée,Récurrence déclarée ou implicite ; contrat exact à valider,Supervision quotidienne réseau ; support local hors horaires non établi,non établi,Agence vers équipes techniques/datacenters suggérée ; procédure non publiée,non établi,non établi,"Sauvegarde automatique, déconnectée et supervisée quotidiennement",non publié,non établie,non établi,TPE; PME,multi-secteurs,Alpes-Maritimes pour l’agence ; infrastructure réseau nationale,Datacenters XEFI ; aucune technologie de sauvegarde nommée,SRC-PUB-XEFI-CANNES-007,"XEFI propose une offre de sauvegarde automatique et externalisée, déconnectée, supervisée quotidiennement et hébergée dans ses datacenters en France. Vous bénéficiez d’une restauration rapide, d’une sécurité renforcée et d’un accompagnement technique local .",46224.5,Moyenne à élevée sur l’offre publiée ; frontière agence/réseau à valider,À valider
SRV-PUB-XEFI-CANNES-007,ENT-PUB-XEFI-CANNES-001,DEMANDE_MSP,Administration cloud locale déclarée ; infrastructure et experts réseau,Datacenters et experts XEFI ; rôle local d’accompagnement,Accompagnement local déclaré ; capacité technique locale non détaillée,Serveurs cloud managés et hébergement,Cloud / collaboration,co-délivré,Offre publiée,Récurrence déclarée ou implicite ; contrat exact à valider,Infrastructure supervisée 24/7 par les équipes XEFI ; couverture de l’agence non établie,non établi,Agence de proximité et experts Datacenters cités ensemble ; processus non publié,non établi,non établi,Supervision 24/7 déclarée,non publié,non établie,non établi,TPE; PME,multi-secteurs,Alpes-Maritimes pour l’agence ; infrastructure réseau nationale,"Datacenters TIER III/TIER IV, ISO 27001, HDS ; aucune plateforme locale nommée",SRC-PUB-XEFI-CANNES-003,"Non ! Votre agence de proximité ainsi que nos experts Datacenters nous permettent de s’occuper pour vous de la maintenance de vos infrastructures Cloud. Au quotidien, nous vous sécurisons et maintenons, sans actions nécessaires de votre part.",46224.5,Moyenne à élevée sur l’offre publiée ; frontière agence/réseau à valider,À valider
SRV-PUB-XEFI-CANNES-008,ENT-PUB-XEFI-CANNES-001,DEMANDE_MSP,Diagnostic numérique local déclaré ; offre cyber à trois niveaux publiée nationalement,Experts cyber XEFI ; localisation non établie,Prise de rendez-vous via agence possible ; réalisation locale non prouvée,RDV Diagnostic Cyber et plan de protection,Vulnérabilités / exposition,non établi,Offre publiée,Diagnostic ponctuel ; conversion en services récurrents possible mais non mesurée,non établi,non établi,non établie,non établi,non établi,non établie,non publié,non établie,Diagnostic annoncé sans engagement,TPE; PME,multi-secteurs,Alpes-Maritimes pour l’agence ; infrastructure réseau nationale,Aucune technologie locale explicitement prouvée,SRC-PUB-XEFI-CANNES-005,"Le RDV Diagnostic Cyber XEFI dure environ 30 minutes. C’est un format court conçu pour être efficace et factuel, sans perturber l’agenda des dirigeants de TPE/PME.",46224.5,Moyenne à élevée sur l’offre publiée ; frontière agence/réseau à valider,À valider
SRV-PUB-XEFI-CANNES-009,ENT-PUB-XEFI-CANNES-001,DEMANDE_MSP,Messagerie sécurisée locale et composants réseau publiés,non établi,non établi,"Messagerie sécurisée, antispam et filtrage web",IAM / accès,non établi,Offre publiée,Récurrence déclarée ou implicite ; contrat exact à valider,non établi,non établi,non établie,non établi,non établi,Filtrage déclaré ; règles et supervision non publiées,non publié,non établie,non établi,TPE; PME,multi-secteurs,Alpes-Maritimes pour l’agence ; infrastructure réseau nationale,"Antispam, gestionnaire de mots de passe, filtrage web ; aucune marque locale",SRC-PUB-XEFI-CANNES-002,"Notre agence XEFI Cannes, située en Provence-Alpes-Côte d’Azur, dans le département Alpes-Maritimes et dans la ville de Vallauris, est votre guichet unique pour tous vos besoins en informatique, bureautique, logiciel, location et vente d’imprimantes, copieurs, messagerie sécurisée et sécurisation de données dans nos datacenters hautement certifiés afin d’améliorer la performance de votre société.",46224.5,Moyenne à élevée sur l’offre publiée ; frontière agence/réseau à valider,À valider
SRV-PUB-XEFI-CANNES-010,ENT-PUB-XEFI-CANNES-001,DEMANDE_MSP,Service du catalogue réseau accessible via les agences ; vente locale non établie,Infrastructure XEFI ; rôle de Cannes non établi,non établi,PRA / PCA réseau,Sauvegarde / PRA,non établi,Offre publiée,Récurrence déclarée ou implicite ; contrat exact à valider,Supervision d’infrastructure réseau 24/7 ; RTO/RPO et support non publiés,non établi,non établie,non établi,non établi,non établie,non publié,non établie,non établi,TPE; PME,multi-secteurs,Alpes-Maritimes pour l’agence ; infrastructure réseau nationale,Serveur virtuel en datacenter XEFI,SRC-PUB-XEFI-CANNES-003,"Oui. XEFI restaure votre environnement complet sur un serveur virtuel identique, hébergé dans son datacenter.",46224.5,Moyenne à élevée sur l’offre publiée ; frontière agence/réseau à valider,À valider
SRV-PUB-ALMERIA-001,ENT-PUB-ALMERIA-001,DEMANDE_MSP,Almeria et éventuels partenaires,Équipes Almeria — prise en charge déclarée,Interventions sur site ou à distance ; interlocuteur unique déclaré,Infogérance et maintenance préventive,Réseau / sécurité périmétrique,opéré en propre,Offre publiée,Maintenance préventive régulière ; rythme de visites adapté aux besoins,non établi,"Expert régulier, administration de parc et suivi des infrastructures déclarés",non publiée,non établi,non établi,non établie pour ce service,non publié,non établie,non établi,TPE; PME,multi-secteurs,Pays de la Loire / Ouest de la France,non établies,SRC-PUB-ALMERIA-002,"Ce service vous permet de bénéficier d’interventions proactives sur site pour optimiser le fonctionnement de votre infrastructure, d’anticiper les pannes et de vous décharger de l’administration du parc informatique.",46224.5,Moyenne à élevée sur l’offre publiée ; exécution réelle à valider,À valider
SRV-PUB-ALMERIA-002,ENT-PUB-ALMERIA-001,DEMANDE_MSP,Almeria et éventuels partenaires,Service technique et ingénieurs Almeria déclarés,Hotline et prise en main à distance ; intervention directe annoncée,Assistance et hotline,Endpoint / poste de travail,opéré en propre,Offre publiée,Service contractuel déclaré,Hotline dès 7h30 pour certains contrats Premium ; horaires standard non publiés,Appels orientés vers le service technique ; niveaux N1/N2/N3 non publiés,non publiée,non établi,non établi,Portail de tickets EZ Portail ; prise en main à distance,non publié,non établie,"Délais de rappel garantis pour certains contrats, sans valeur publiée",TPE; PME,multi-secteurs,Pays de la Loire / Ouest de la France,non établies,SRC-PUB-ALMERIA-004,"Chez Almeria, tous les appels sont orientés vers notre service technique. Notre hotline vous permet de bénéficier de l’expertise de nos ingénieurs pour traiter les incidents en temps réel. Des outils de prise en main à distance nous permettent d’intervenir sur des postes et serveurs distants et solutionner vos problèmes en direct, sans déplacement.",46224.5,Moyenne à élevée sur l’offre publiée ; exécution réelle à valider,À valider
SRV-PUB-ALMERIA-003,ENT-PUB-ALMERIA-001,DEMANDE_MSP,Almeria et éventuels partenaires,Almeria déclare assurer la supervision,Traitement des alertes et escalade non décrits,Supervision automatisée des infrastructures,Support / infogérance,opéré en propre,Offre publiée,Surveillance récurrente implicite,non publiée,non établi,non établie,non établi,non établi,Ensemble de procédés automatisés déclaré,non publié,non établie,non établi,TPE; PME,multi-secteurs,Pays de la Loire / Ouest de la France,non établies,SRC-PUB-ALMERIA-003,Nous assurons la supervision de votre infrastructure grâce à un ensemble de procédés automatisés.,46224.5,Moyenne à élevée sur l’offre publiée ; exécution réelle à valider,À valider
SRV-PUB-ALMERIA-004,ENT-PUB-ALMERIA-001,DEMANDE_MSP,Almeria et éventuels partenaires,Almeria déclare déployer et piloter ; exploitation permanente non établie,Remédiation et accompagnement publiés ; support continu non établi,Protection et durcissement cyber,IAM / accès,piloté pour le client,Offre publiée,Certaines briques sont récurrentes ; contrat exact non publié,non établi,non établi,non établie,non établi,non établi,"EDR/XDR, patch management, RMM, NDR/XDR cités comme fonctions",non publié,non établie,non établi,TPE; PME,multi-secteurs,Pays de la Loire / Ouest de la France,"EDR, XDR, RMM, NDR, NAC, MFA, VPN, SSO, Microsoft 365 ; marques non toutes précisées",SRC-PUB-ALMERIA-006,"La protection efficace d’une entreprise cybersécurité repose sur des couches complémentaires : poste de travail, serveurs, réseau, authentification, accès distants, messagerie, infrastructure et cloud. Almeria déploie des solutions éprouvées et un pilotage opérationnel pour réduire l’exposition et bloquer les attaques avant qu’elles n’impactent votre activité.",46224.5,Moyenne à élevée sur l’offre publiée ; exécution réelle à valider,À valider
SRV-PUB-ALMERIA-005,ENT-PUB-ALMERIA-001,DEMANDE_MSP,Almeria et éventuels partenaires,Experts Almeria déclarés,Préconisations et plans d’action déclarés,Audits et tests d’intrusion,Vulnérabilités / exposition,opéré en propre,Offre publiée,Ponctuel ou périodique ; récurrence non publiée,non établi,non établi,non établie,non établi,non établi,non établie,non publié,non établie,non établi,TPE; PME,multi-secteurs,Pays de la Loire / Ouest de la France,non établies,SRC-PUB-ALMERIA-005,Identifiez vos vulnérabilités avant qu’elles ne soient exploitées. Nos experts réalisent des audits complets et des tests d’intrusion pour évaluer la robustesse de votre système.,46224.5,Moyenne à élevée sur l’offre publiée ; exécution réelle à valider,À valider
SRV-PUB-ALMERIA-006,ENT-PUB-ALMERIA-001,DEMANDE_MSP,Almeria et éventuels partenaires,non établi — la page mentionne « nos services SOC/MDR » sans identifier l’opérateur,Chaîne d’escalade et rôle d’Almeria non publiés,SOC/MDR et journalisation,Réponse à incident,non établi,Offre publiée,Analyse continue déclarée,Continu déclaré ; 24/7 non explicitement publié,Qualification d’alertes et actions immédiates annoncées,non publiée,non établi,SIEM/SOAR et outils non publiés,Playbooks déclarés ; niveau d’automatisation non établi,non publié,non établie,non établi,TPE; PME,multi-secteurs,Pays de la Loire / Ouest de la France,SOC/MDR génériques ; aucun fournisseur identifié,SRC-PUB-ALMERIA-007,"Nos services SOC/MDR analysent en continu les événements, qualifient les alertes et déclenchent des actions immédiates pour contenir les menaces.",46224.5,"Moyenne — capacité déclarée, opérateur et réalité opérationnelle non établis",À valider
SRV-PUB-ALMERIA-007,ENT-PUB-ALMERIA-001,DEMANDE_MSP,Almeria et éventuels partenaires,Équipes Almeria déclarées,Assistance immédiate annoncée ; SLA et astreinte non publiés,Réponse à incident,Réponse à incident,opéré en propre,Offre publiée,Service activé sur incident ; contrat de rétention non établi,non publié,"Qualification, analyse forensique, remédiation et retour d’expérience déclarés",Partenaires et niveaux d’escalade non publiés,non établi,non établi,non établie,non publié,non établie,non établi,TPE; PME,multi-secteurs,Pays de la Loire / Ouest de la France,non établies,SRC-PUB-ALMERIA-007,"En cas d’attaque (phishing, ransomware, compromission de compte, exfiltration de données), nos équipes interviennent rapidement pour limiter les impacts :",46224.5,Moyenne à élevée sur l’offre publiée ; exécution réelle à valider,À valider
SRV-PUB-ALMERIA-008,ENT-PUB-ALMERIA-001,DEMANDE_MSP,Almeria et éventuels partenaires,Almeria déclare mettre en place et tester ; exploitation continue non établie,Tests de restauration et exercices de bascule déclarés,"PCA, PRA et sauvegardes de résilience",Sauvegarde / PRA,piloté pour le client,Offre publiée,Tests réguliers déclarés ; périodicité non publiée,non établi,non établi,non établie,non établi,non établi,Sauvegarde isolée et immuable ; mécanismes non détaillés,non publié,non établie,non établi,TPE; PME,multi-secteurs,Pays de la Loire / Ouest de la France,non publiées,SRC-PUB-ALMERIA-007,"Sauvegardes robustes : nous déployons des solutions de sauvegarde isolées et immuables, avec des tests réguliers de restauration pour garantir leur fiabilité en cas de crise.",46224.5,Moyenne à élevée sur l’offre publiée ; exécution réelle à valider,À valider
SRV-PUB-ALMERIA-009,ENT-PUB-ALMERIA-001,DEMANDE_MSP,Almeria propriétaire des serveurs ; hébergement dans les datacenters Etix,Almeria pour les serveurs et interventions déclarées ; Etix pour les datacenters,Intervention physique rapide annoncée ; niveaux et délais non publiés,Cloud privé et hébergement local,Cloud / collaboration,co-délivré,Offre publiée,Service d’hébergement récurrent implicite,Accessibilité 7J/7 24H/24 publiée ; support humain non établi,non établi,Almeria vers Etix non documentée,non établi,non établi,Sauvegarde automatisée publiée,non publié,non établie,"SLA de 99,7 % et durée d’engagement courte publiés ; contrat exact à valider",TPE; PME,multi-secteurs,Pays de la Loire / Ouest de la France,Etix Everywhere ; Sage et EBP cités comme applications accessibles,SRC-PUB-ALMERIA-008,"Pour sa prestation Cloud, Almeria a noué un partenariat avec ETIX, un opérateur régional de premier plan en terme de Datacenters. Almeria est propriétaire de ses serveurs, qui sont soumis aux lois françaises, et sur lesquels nos équipes sont en capacité d’intervenir rapidement sur site.",46224.5,Moyenne à élevée sur l’offre publiée ; exécution réelle à valider,À valider
SRV-PUB-ALMERIA-010,ENT-PUB-ALMERIA-001,DEMANDE_MSP,Almeria et éventuels partenaires,Expertise et formations Almeria déclarées,Accompagnement stratégique publié ; fréquence non établie,Gouvernance et sensibilisation cyber,Gouvernance / conformité,opéré en propre,Offre publiée,non établie,non établi,non établi,non établie,non établi,non établi,Simulations et tests de phishing cités ; plateforme non nommée,non publié,non établie,non établi,TPE; PME,multi-secteurs,Pays de la Loire / Ouest de la France,Cyber Coach cité sur une page officielle ; opérateur non établi,SRC-PUB-ALMERIA-005,"Gouvernance SSI, sensibilisation, accompagnement stratégique Renforcez votre culture cybersécurité et pilotez efficacement vos risques grâce à nos formations et notre expertise en gouvernance.",46224.5,Moyenne à élevée sur l’offre publiée ; exécution réelle à valider,À valider
SRV-PUB-EIFFIE-001,ENT-PUB-DEMANDE-EIFFIE-001,DEMANDE_MSP,Eiffie,Eiffie déclaré,Oui — prise en main à distance publiée,Eiffie 360,Sauvegarde / PRA,opéré en propre,Offre publiée,Récurrente,non établie,non établis,non établie,non établi,non établi,Supervision et maintenance déclarées,non établi,mensualité,Coût mensuel annoncé ; durée non publiée,TPE; PME,multi-secteurs,Île-de-France / France,"Composants cyber, sauvegarde et support ; marques selon sous-services",SRC-PUB-EIFFIE-002,Nous vous libérons des contraintes informatiques grâce à une offre tout inclus et aux coûts maîtrisés.,2026-07-22,Élevée sur le packaging ; prix et périmètre contractuel non publiés,À valider
SRV-PUB-EIFFIE-002,ENT-PUB-DEMANDE-EIFFIE-001,DEMANDE_MSP,Eiffie,Eiffie déclaré,Oui,Infogérance et support IT,Support / infogérance,opéré en propre,Offre publiée,Récurrente,non établie,non établis,non établie,non établi,Outil de prise en main distant ; marque non nommée,Supervision proactive déclarée,non établi,non établie,non établi,TPE; PME,multi-secteurs,Île-de-France / France,Outil de prise en main à distance non nommé,SRC-PUB-EIFFIE-005,"Afin de prendre la main à distance sur votre PC, merci de cliquer sur un des liens ci-dessous selon la demande de notre support : SOS à la demande Installation complète du client",2026-07-22,Élevée sur le canal ; couverture et SLA non établis,À valider
SRV-PUB-EIFFIE-003,ENT-PUB-DEMANDE-EIFFIE-001,DEMANDE_MSP,Eiffie et partenaires technologiques,non établi,Oui déclaré,Sauvegarde externalisée et PRA,Sauvegarde / PRA,non établi,Offre publiée,Récurrente,Surveillance continue déclarée ; présence humaine non établie,non établis,Anomalie vers équipe Eiffie déclarée ; délais non publiés,non établi,non établi,"Sauvegardes régulières, supervision et restauration déclarées",non établi,non établie,Restauration sous une heure annoncée ; conditions contractuelles non publiées,PME,multi-secteurs,France,"Veeam, Synology, datacenters sécurisés non nommés",SRC-PUB-EIFFIE-004,"Nos services incluent la surveillance continue de vos systèmes de sauvegarde afin de garantir que chaque processus s’effectue correctement et sans erreur. En cas d’anomalie ou d’échec de sauvegarde, notre équipe intervient rapidement pour résoudre le problème et s’assurer que vos données restent en sécurité à tout moment.",2026-07-22,Moyenne à élevée — capacité déclarée ; SLA et opérateur d’hébergement non établis,À valider
SRV-PUB-EIFFIE-004,ENT-PUB-DEMANDE-EIFFIE-001,DEMANDE_MSP,Eiffie,non établi,Oui déclaré,"Protection EDR, firewall et MFA",IAM / accès,non établi,Offre publiée,Récurrente déclarée,non établie,non établis,non établie,non établi,non établi,Réponse automatisée EDR déclarée,non établi,non établie,non établi,PME; Secteur public,multi-secteurs,France,"WatchGuard dans le cas partenaire ; EDR, firewall, MFA",SRC-PUB-EIFFIE-003,EDR : Protection des Endpoints Détection et réponse avancée aux menaces sur tous vos postes de travail et serveurs. Analyse en temps réel et réaction automatisée face aux comportements suspects.,2026-07-22,Moyenne — catalogue déclaré ; mode d’exploitation non généralisé,À valider
SRV-PUB-EIFFIE-005,ENT-PUB-DEMANDE-EIFFIE-001,DEMANDE_MSP,Eiffie / WatchGuard,WatchGuard SOC pour le MDR ; Eiffie pour la relation et l’accompagnement,Eiffie déclaré ; périmètre non détaillé,WatchGuard Total MDR,SOC / MDR,co-délivré,Déploiement documenté,Récurrente,24x7x365 annoncé par WatchGuard et commercialisé par Eiffie,Analystes WatchGuard ; équipe Eiffie alertée ; niveaux formels non publiés,Alerte email et appel téléphonique en cas de menace majeure selon le cas,Portail MDR multi-clients déclaré par WatchGuard,non établi,Isolation automatique et consolidation dans un portail,non établi,non établie,non établi,PME,multi-secteurs,France / SOC WatchGuard,"WatchGuard EPDR, Patch Management, MDR, Microsoft Defender en roadmap",SRC-PUB-EIFFIE-006,"Quant à l’aspect commercial, Eiffie présente le MDR comme une surcouche à ses services existants, une extension active 24/7/365, avec une présence humaine si besoin.",2026-07-22,Moyenne à élevée — étude de cas partenaire ; RACI contractuel non public,À valider
SRV-PUB-EIFFIE-006,ENT-PUB-DEMANDE-EIFFIE-001,DEMANDE_MSP,Eiffie et plateformes tierces,non établi,Oui déclaré,"Cloud, hébergement et Microsoft 365",Cloud / collaboration,non établi,Offre publiée,Récurrente déclarée,non établie,non établis,non établie,non établi,non établi,non établie,non établi,non établie,non établi,PME,multi-secteurs,France,Microsoft 365 ; hébergement non nommé,SRC-PUB-EIFFIE-001,"Cloud & Hébergement : Stockez, sécurisez et accédez à vos données où que vous soyez, avec des solutions performantes et évolutives.",2026-07-22,Moyenne — description commerciale ; opérateur non établi,À valider
SRV-PUB-EIFFIE-007,ENT-PUB-DEMANDE-EIFFIE-001,DEMANDE_MSP,Eiffie,Eiffie déclaré,Sans objet,Audit et conformité,Vulnérabilités / exposition,opéré en propre,Offre publiée,Ponctuelle,non établie,Sans objet,Sans objet,Sans objet,Sans objet,non établie,non établi,par mission non établie,non établi,PME; Secteur public,multi-secteurs,France,"RGPD, ISO 27001 cités comme référentiels",SRC-PUB-EIFFIE-003,"Audit & Conformité Sécurité Évaluation des vulnérabilités et mise en conformité avec les normes et réglementations (RGPD, ISO 27001, etc.). Rapport détaillé et plan d’actions pour renforcer votre posture de cybersécurité.",2026-07-22,Élevée sur la prestation déclarée ; résultats non audités,À valider
SRV-PUB-EIFFIE-008,ENT-PUB-DEMANDE-EIFFIE-001,DEMANDE_MSP,Eiffie,Eiffie déclaré,Oui,Formation et sensibilisation cyber,Compétences / formation,opéré en propre,Offre publiée,Ponctuelle ou périodique non établie,non établie,Sans objet,Sans objet,Sans objet,Sans objet,Simulations déclarées,non établi,non établie,non établi,PME,multi-secteurs,France,Simulations de phishing ; plateforme non nommée,SRC-PUB-EIFFIE-003,"Nous proposons des formations interactives et des simulations pour apprendre à reconnaître les tentatives de phishing, ransomwares et autres attaques.",2026-07-22,Élevée sur la prestation déclarée ; fréquence non établie,À valider
SRV-PUB-NOMIOS-001,ENT-PUB-DEMANDE-NOMIOS-001,DEMANDE_MSP,Groupe / France selon la source,Nomios,France lorsqu’explicitement indiqué,SOC managé,SOC / MDR,opéré en propre,Offre publiée,récurrente ou mobilisable selon service,24/7 annoncée,non établi sauf mention,non établie,non établi,non établi,non établie sauf mention,,non établie,non établi sauf mention,Entreprises — taille non établie,Multi-secteurs ; secteur public lorsque précisé,France / Europe selon la source,"Palo Alto Networks Cortex XDR, XSIAM, SOAR",SRC-PUB-NOMIOS-002,"Les établissements publics éligibles à l’offre CANUT bénéficieront ainsi d’un SOC managé opéré depuis la France, intégrant des analystes N2 et N3, un pilotage dédié et une forte connaissance des contextes métiers du secteur public.",2026-07-22,Élevée sur l’offre déclarée ; performance non auditée,À valider
SRV-PUB-NOMIOS-002,ENT-PUB-DEMANDE-NOMIOS-001,DEMANDE_MSP,Groupe / France selon la source,Nomios,France lorsqu’explicitement indiqué,CSIRT et réponse à incident,Réponse à incident,opéré en propre,Offre publiée,récurrente ou mobilisable selon service,Astreinte 24/7 ; premières actions sous 4 heures pour les clients concernés,non établi sauf mention,non établie,non établi,non établi,non établie sauf mention,,non établie,non établi sauf mention,Entreprises — taille non établie,Multi-secteurs ; secteur public lorsque précisé,France / Europe selon la source,non établi,SRC-PUB-NOMIOS-001,"Une astreinte dédiée permet ainsi une mobilisation 24/7, avec une prise en compte rapide et un déclenchement des premières actions sous 4 heures pour les clients concernés.",2026-07-22,Élevée sur l’offre déclarée ; performance non auditée,À valider
SRV-PUB-NOMIOS-003,ENT-PUB-DEMANDE-NOMIOS-001,DEMANDE_MSP,Groupe / France selon la source,Nomios,France lorsqu’explicitement indiqué,NOC,Réseau / sécurité périmétrique,opéré en propre,Offre publiée,récurrente ou mobilisable selon service,supervision continue déclarée,non établi sauf mention,non établie,non établi,non établi,non établie sauf mention,,non établie,non établi sauf mention,Entreprises — taille non établie,Multi-secteurs ; secteur public lorsque précisé,France / Europe selon la source,non établi,SRC-PUB-NOMIOS-005,"Enfin, les Services Managés de Nomios assurent la supervision continue, la gestion et l’amélioration de la sécurité via ses Security Operations Centre (SOC), Network Operations Centre (NOC) et Vulnerability Operation Centre (VOC)",2026-07-22,Élevée sur l’offre déclarée ; performance non auditée,À valider
SRV-PUB-NOMIOS-004,ENT-PUB-DEMANDE-NOMIOS-001,DEMANDE_MSP,Groupe / France selon la source,Nomios,France lorsqu’explicitement indiqué,VOC,Vulnérabilités / exposition,opéré en propre,Offre publiée,récurrente ou mobilisable selon service,supervision continue déclarée,non établi sauf mention,non établie,non établi,non établi,non établie sauf mention,,non établie,non établi sauf mention,Entreprises — taille non établie,Multi-secteurs ; secteur public lorsque précisé,France / Europe selon la source,non établi,SRC-PUB-NOMIOS-005,"Enfin, les Services Managés de Nomios assurent la supervision continue, la gestion et l’amélioration de la sécurité via ses Security Operations Centre (SOC), Network Operations Centre (NOC) et Vulnerability Operation Centre (VOC)",2026-07-22,Élevée sur l’offre déclarée ; performance non auditée,À valider
SRV-PUB-NOMIOS-005,ENT-PUB-DEMANDE-NOMIOS-001,DEMANDE_MSP,Groupe / France selon la source,Nomios,France lorsqu’explicitement indiqué,Services managés d’exploitation,Support / infogérance,opéré en propre,Offre publiée,récurrente ou mobilisable selon service,non établie,non établi sauf mention,non établie,non établi,non établi,non établie sauf mention,,non établie,non établi sauf mention,Entreprises — taille non établie,Multi-secteurs ; secteur public lorsque précisé,France / Europe selon la source,"Gestion des changements, application des rustines, mise à jour des règles",SRC-PUB-NOMIOS-011,"Les services managés ou services d’exploitation (gestion des changements, application des rustines, mise à jour des règles) progressent de 43 %",2026-07-22,Moyenne — source secondaire ; périmètre exact à confirmer,À valider
SRV-PUB-NOMIOS-006,ENT-PUB-DEMANDE-NOMIOS-001,DEMANDE_MSP,Groupe / France selon la source,Nomios,France lorsqu’explicitement indiqué,GRC,Gouvernance / conformité,opéré en propre,Offre publiée,récurrente ou mobilisable selon service,non applicable,non établi sauf mention,non établie,non établi,non établi,non établie sauf mention,,non établie,non établi sauf mention,Entreprises — taille non établie,Multi-secteurs ; secteur public lorsque précisé,France / Europe selon la source,non établi,SRC-PUB-NOMIOS-005,"À travers son activité de GRC (Gouvernance, Risque et Conformité), le groupe propose un accompagnement stratégique et sur-mesure pour anticiper et maîtriser les risques cyber.",2026-07-22,Élevée sur l’offre déclarée ; performance non auditée,À valider
SRV-PUB-NOMIOS-007,ENT-PUB-DEMANDE-NOMIOS-001,DEMANDE_MSP,Groupe / France selon la source,Nomios,France lorsqu’explicitement indiqué,Professional Services,Support / infogérance,opéré en propre,Offre publiée,récurrente ou mobilisable selon service,non établie,non établi sauf mention,non établie,non établi,non établi,non établie sauf mention,,non établie,non établi sauf mention,Entreprises — taille non établie,Multi-secteurs ; secteur public lorsque précisé,France / Europe selon la source,multi-éditeurs,SRC-PUB-NOMIOS-005,"Ses Professional Services couvrent l’intégration, le déploiement et l’optimisation de solutions de sécurité et de réseaux, garantissant des infrastructures robustes et performantes.",2026-07-22,Élevée sur l’offre déclarée ; performance non auditée,À valider
SRV-PUB-NOMIOS-008,ENT-PUB-DEMANDE-NOMIOS-001,DEMANDE_MSP,Groupe / France selon la source,Nomios,France lorsqu’explicitement indiqué,IAM et PAM — Intragen by Nomios,IAM / accès,co-délivré,Offre publiée,récurrente ou mobilisable selon service,non établie,non établi sauf mention,non établie,non établi,non établi,non établie sauf mention,,non établie,non établi sauf mention,Entreprises — taille non établie,Multi-secteurs ; secteur public lorsque précisé,France / Europe selon la source,CyberArk; SailPoint; One Identity; Okta,SRC-PUB-NOMIOS-005,"L'intégration d'Intragen renforce encore l'offre de Nomios grâce à son expertise de pointe dans le domaine de l'identité numérique et de la gestion des accès à privilèges (PAM). Intragen est partenaire de CyberArk, SailPoint, One Identity et Okta.",2026-07-22,Élevée sur l’acquisition et les partenariats ; répartition opérationnelle à confirmer,À valider
SRV-PUB-NOMIOS-009,ENT-PUB-DEMANDE-NOMIOS-001,DEMANDE_MSP,Groupe / France selon la source,Nomios,France lorsqu’explicitement indiqué,Rapid Cloud Assessment,Cloud / collaboration,co-délivré,Offre publiée,récurrente ou mobilisable selon service,quelques jours annoncés,non établi sauf mention,non établie,non établi,non établi,non établie sauf mention,,non établie,non établi sauf mention,Entreprises — taille non établie,Multi-secteurs ; secteur public lorsque précisé,France / Europe selon la source,Fortinet,SRC-PUB-NOMIOS-006,"En partenariat avec Fortinet, nous proposons le Rapid Cloud Assessment, une évaluation rapide et complète de votre posture de sécurité dans le cloud, qui vous permet d’obtenir une vision claire et priorisée de vos risques en seulement quelques jours.",2026-07-22,Élevée sur l’offre conjointe ; responsabilités détaillées non établies,À valider
SRV-PUB-NOMIOS-010,ENT-PUB-DEMANDE-NOMIOS-001,DEMANDE_MSP,Groupe / France selon la source,Nomios,France lorsqu’explicitement indiqué,Fortinet Engage Tech Support Partner,Support / infogérance,co-délivré,Offre publiée,récurrente ou mobilisable selon service,non établie,non établi sauf mention,non établie,non établi,non établi,non établie sauf mention,,non établie,non établi sauf mention,Entreprises — taille non établie,Multi-secteurs ; secteur public lorsque précisé,France / Europe selon la source,Fortinet,SRC-PUB-NOMIOS-007,"Nomios est l'un des trois seuls partenaires à avoir obtenu ce statut au Royaume-Uni, et l'un des cinq partenaires seulement en France",2026-07-22,Élevée sur le statut déclaré ; niveau de service client à confirmer,À valider
SRV-PUB-ORANGECD-001,ENT-PUB-ORANGECD-001,DEMANDE_MSP,Orange Cyberdefense France / groupe selon source,Orange Cyberdefense,France et réseau international selon offre,CyberSOC,SOC / MDR,opéré en propre,Offre publiée,récurrente,24/7 déclarée,"analystes, experts, consultants et responsables opérationnels selon service",analystes vers experts sur incidents critiques — déclaration,non établi,non établi,Systèmes de détection évolutifs,,non établie,non établi,ETI,Multi-secteurs,France / international,multi-éditeurs,SRC-PUB-ORANGECD-002,Les différents CyberSOC d’Orange Cyberdefense rassemblent aujourd’hui toute l’expertise d’Orange en matière d’anticipation et de traitement des menaces en cybersécurité.,2026-07-22,Élevée sur l’offre déclarée ; performance et économie non auditées,À valider
SRV-PUB-ORANGECD-002,ENT-PUB-ORANGECD-001,DEMANDE_MSP,Orange Cyberdefense France / groupe selon source,Orange Cyberdefense,France et réseau international selon offre,Managed Detection & Response,SOC / MDR,opéré en propre,Offre publiée,récurrente,continue déclarée,"analystes, experts, consultants et responsables opérationnels selon service",analystes vers experts sur incidents critiques — déclaration,non établi,non établi,réponse proactive,,non établie,non établi,Entreprises — taille non établie,Multi-secteurs,France / international,logs; réseau; terminaux,SRC-PUB-ORANGECD-011,"Services modulaires de détection des menaces (MDR) surveillant les logs, les réseaux et les terminaux.",2026-07-22,Élevée sur l’offre déclarée ; performance et économie non auditées,À valider
SRV-PUB-ORANGECD-003,ENT-PUB-ORANGECD-001,DEMANDE_MSP,Orange Cyberdefense France / groupe selon source,Orange Cyberdefense,France et réseau international selon offre,Xtended-SOC,SOC / MDR,opéré en propre,Offre publiée,récurrente,24/7 déclarée,"analystes, experts, consultants et responsables opérationnels selon service",analystes vers experts sur incidents critiques — déclaration,non établi,non établi,détection automatisée,,non établie,non établi,Entreprises — taille non établie,Multi-secteurs,France / international,XDR; cloud,SRC-PUB-ORANGECD-012,"Xtended-SOC est une solution managée par nos experts, pour protéger l’ensemble de votre organisation, de manière décloisonnée avec une approche étendue de détection et de réponse aux menaces cyber (XDR).",2026-07-22,Élevée sur l’offre déclarée ; performance et économie non auditées,À valider
SRV-PUB-ORANGECD-004,ENT-PUB-ORANGECD-001,DEMANDE_MSP,Orange Cyberdefense France / groupe selon source,Orange Cyberdefense,France et réseau international selon offre,Dynamic SOC,SOC / MDR,opéré en propre,Offre publiée,récurrente,24/7 déclarée,"analystes, experts, consultants et responsables opérationnels selon service",analystes vers experts sur incidents critiques — déclaration,non établi,non établi,150 règles automatisées multi-opérateurs ; plus de 100 contrôles annuels déclarés,,non établie,non établi,PME; ETI,Multi-secteurs,France / international,multi-éditeurs,SRC-PUB-ORANGECD-003,"Le nom Dynamic SOC reflète mieux la réalité de l’offre : une défense 24/7 renforcée, proactive et collective !",2026-07-22,Élevée sur l’offre déclarée ; performance et économie non auditées,À valider
SRV-PUB-ORANGECD-005,ENT-PUB-ORANGECD-001,DEMANDE_MSP,Orange Cyberdefense France / groupe selon source,Orange Cyberdefense,France et réseau international selon offre,Micro-SOC Poste de travail,SOC / MDR,opéré en propre,Offre publiée,récurrente,24/7 selon gamme,"analystes, experts, consultants et responsables opérationnels selon service",analystes vers experts sur incidents critiques — déclaration,non établi,non établi,non établie,,non établie,non établi,PME; ETI,Multi-secteurs,France / international,non établi,SRC-PUB-ORANGECD-003,"Notre gamme intègre quatre modules : Micro-SOC Poste de travail, Micro-SOC Mobile, Micro-SOC Email & Cloud et Micro-SOC Shield.",2026-07-22,Élevée sur l’offre déclarée ; performance et économie non auditées,À valider
SRV-PUB-ORANGECD-006,ENT-PUB-ORANGECD-001,DEMANDE_MSP,Orange Cyberdefense France / groupe selon source,Orange Cyberdefense,France et réseau international selon offre,Micro-SOC Email & Cloud,SOC / MDR,opéré en propre,Offre publiée,récurrente,24/7 selon gamme,"analystes, experts, consultants et responsables opérationnels selon service",analystes vers experts sur incidents critiques — déclaration,non établi,non établi,non établie,,non établie,non établi,PME; ETI,Multi-secteurs,France / international,Microsoft 365; Google,SRC-PUB-ORANGECD-003,"Notre gamme intègre quatre modules : Micro-SOC Poste de travail, Micro-SOC Mobile, Micro-SOC Email & Cloud et Micro-SOC Shield.",2026-07-22,Élevée sur l’offre déclarée ; performance et économie non auditées,À valider
SRV-PUB-ORANGECD-007,ENT-PUB-ORANGECD-001,DEMANDE_MSP,Orange Cyberdefense France / groupe selon source,Orange Cyberdefense,France et réseau international selon offre,Micro-SOC Mobile,SOC / MDR,opéré en propre,Offre publiée,récurrente,24/7 selon gamme,"analystes, experts, consultants et responsables opérationnels selon service",analystes vers experts sur incidents critiques — déclaration,non établi,non établi,non établie,,non établie,non établi,PME; ETI,Multi-secteurs,France / international,non établi,SRC-PUB-ORANGECD-003,"Notre gamme intègre quatre modules : Micro-SOC Poste de travail, Micro-SOC Mobile, Micro-SOC Email & Cloud et Micro-SOC Shield.",2026-07-22,Élevée sur l’offre déclarée ; performance et économie non auditées,À valider
SRV-PUB-ORANGECD-008,ENT-PUB-ORANGECD-001,DEMANDE_MSP,Orange Cyberdefense France / groupe selon source,Orange Cyberdefense,France et réseau international selon offre,Micro-SOC Shield,SOC / MDR,opéré en propre,Offre publiée,récurrente,24/7 selon gamme,"analystes, experts, consultants et responsables opérationnels selon service",analystes vers experts sur incidents critiques — déclaration,non établi,non établi,non établie,,non établie,non établi,PME; ETI,Multi-secteurs,France / international,non établi,SRC-PUB-ORANGECD-003,"Notre gamme intègre quatre modules : Micro-SOC Poste de travail, Micro-SOC Mobile, Micro-SOC Email & Cloud et Micro-SOC Shield.",2026-07-22,Élevée sur l’offre déclarée ; performance et économie non auditées,À valider
SRV-PUB-ORANGECD-009,ENT-PUB-ORANGECD-001,DEMANDE_MSP,Orange Cyberdefense France / groupe selon source,Orange Cyberdefense,France et réseau international selon offre,Accompagnement SOAR,SOC / MDR,piloté pour le client,Offre publiée,récurrente,non établie,"analystes, experts, consultants et responsables opérationnels selon service",analystes vers experts sur incidents critiques — déclaration,non établi,non établi,automatisation des tâches analystes,,non établie,non établi,Entreprises — taille non établie,Multi-secteurs,France / international,SOAR,SRC-PUB-ORANGECD-012,"Orange Cyberdefense, vous accompagne dans le déploiement d’une solution de « Security Orchestration Automation and Response » (SOAR).",2026-07-22,Élevée sur l’offre déclarée ; performance et économie non auditées,À valider
SRV-PUB-ITRACING-001,ENT-PUB-ITRACING-001,DEMANDE_MSP,Groupe I-TRACING / France selon source,I-TRACING ou entité explicitement nommée,France et filiales internationales,CyberSOC / MDR Follow-the-Sun,SOC / MDR,opéré en propre,Offre publiée,récurrente,24/7,N2/N3 lorsque documenté,Référent SOC premier niveau d’escalade ; autres niveaux non établis,non établi,non établi,non établie,,non établie,non établi,Entreprises — taille non établie,Multi-secteurs,France / international,multi-éditeurs,SRC-PUB-ITRACING-001,"Grâce à notre organisation 24/7 Follow The Sun, nous surveillons et sécurisons les activités de nos clients internationaux, 24 heures sur 24 et partout dans le monde.",2026-07-22,Élevée sur l’offre déclarée ; performance et économie non auditées,À valider
SRV-PUB-ITRACING-002,ENT-PUB-ITRACING-001,DEMANDE_MSP,Groupe I-TRACING / France selon source,I-TRACING ou entité explicitement nommée,France et filiales internationales,CERT / CSIRT,Réponse à incident,opéré en propre,Offre publiée,récurrente,24/7,N2/N3 lorsque documenté,Référent SOC premier niveau d’escalade ; autres niveaux non établis,non établi,non établi,non établie,,non établie,non établi,Entreprises — taille non établie,Multi-secteurs,France / international,non établi,SRC-PUB-ITRACING-001,"Nos services couvrent l’ensemble du spectre de la cybersécurité, allant du conseil à l’intégration, aux services managés, SOC et CERT Follow The Sun 24/7.",2026-07-22,Élevée sur l’offre déclarée ; performance et économie non auditées,À valider
SRV-PUB-ITRACING-003,ENT-PUB-ITRACING-001,DEMANDE_MSP,Groupe I-TRACING / France selon source,I-TRACING ou entité explicitement nommée,France et filiales internationales,VOC,Vulnérabilités / exposition,co-délivré,Offre publiée,récurrente,24/7 selon ensemble groupé,N2/N3 lorsque documenté,Référent SOC premier niveau d’escalade ; autres niveaux non établis,non établi,non établi,non établie,,non établie,non établi,Entreprises — taille non établie,Multi-secteurs,France / international,non établi,SRC-PUB-ITRACING-004,"services managés de sécurité 24/7 (incluant SOC, VOC, MDR, réponse aux incidents et CERT)",2026-07-22,Élevée sur l’offre déclarée ; performance et économie non auditées,À valider
SRV-PUB-ITRACING-004,ENT-PUB-ITRACING-001,DEMANDE_MSP,Groupe I-TRACING / France selon source,I-TRACING ou entité explicitement nommée,France et filiales internationales,MDR Google Security Operations,SOC / MDR,co-délivré,Offre publiée,récurrente,24/7,N2/N3 lorsque documenté,Référent SOC premier niveau d’escalade ; autres niveaux non établis,non établi,non établi,automatisation ; Google Gemini,,non établie,non établi,Entreprises — taille non établie,Multi-secteurs,France / international,Google Security Operations; Google Threat Intelligence; Google Gemini,SRC-PUB-ITRACING-003,"offres managées et co-managées intégrant Google Security Operations et l’expertise de nos analystes SOC de niveau 2 et 3, avec une efficacité renforcée par l’automatisation.",2026-07-22,Élevée sur l’offre déclarée ; performance et économie non auditées,À valider
SRV-PUB-ITRACING-005,ENT-PUB-ITRACING-001,DEMANDE_MSP,Groupe I-TRACING / France selon source,I-TRACING ou entité explicitement nommée,France et filiales internationales,IAM / PAM / CIAM,IAM / accès,piloté pour le client,Offre publiée,récurrente,non établie,N2/N3 lorsque documenté,Référent SOC premier niveau d’escalade ; autres niveaux non établis,non établi,non établi,non établie,,non établie,non établi,Entreprises — taille non établie,Multi-secteurs,France / international,multi-éditeurs,SRC-PUB-ITRACING-001,Nos services couvrent l’ensemble du spectre de la cybersécurité,2026-07-22,Élevée sur l’offre déclarée ; performance et économie non auditées,À valider
SRV-PUB-ITRACING-006,ENT-PUB-ITRACING-001,DEMANDE_MSP,Groupe I-TRACING / France selon source,I-TRACING ou entité explicitement nommée,France et filiales internationales,Automatisation et sécurité du Cloud by APALIA,Cloud / collaboration,co-délivré,Offre publiée,récurrente,non établie,N2/N3 lorsque documenté,Référent SOC premier niveau d’escalade ; autres niveaux non établis,non établi,non établi,Infrastructure as Code et automatisation déclarées,,non établie,non établi,Entreprises — taille non établie,Multi-secteurs,France / international,APALIA,SRC-PUB-ITRACING-001,"Nous vous apportons toute notre expertise d'ingénierie et notre expérience des services Managés du Cloud, des Containers et de la Sécurité.",2026-07-22,Élevée sur l’offre déclarée ; performance et économie non auditées,À valider
SRV-PUB-ITRACING-007,ENT-PUB-ITRACING-001,DEMANDE_MSP,Groupe I-TRACING / France selon source,I-TRACING ou entité explicitement nommée,France et filiales internationales,MDR et gestion des endpoints avec Tanium,SOC / MDR,co-délivré,Offre publiée,récurrente,24/7,N2/N3 lorsque documenté,Référent SOC premier niveau d’escalade ; autres niveaux non établis,non établi,non établi,non établie,,non établie,non établi,Entreprises — taille non établie,Multi-secteurs,France / international,Tanium,SRC-PUB-ITRACING-007,L’intégration de la plateforme de Tanium dans nos services MDR améliore notre capacité à renforcer votre posture de sécurité et à maintenir la protection de votre SI contre les menaces cyber en constante évolution.,2026-07-22,Élevée sur l’offre déclarée ; performance et économie non auditées,À valider
SRV-PUB-ITRACING-008,ENT-PUB-ITRACING-001,DEMANDE_MSP,Groupe I-TRACING / France selon source,I-TRACING ou entité explicitement nommée,France et filiales internationales,RSSI Part-time et feuille de route,Gouvernance / conformité,opéré en propre,Offre publiée,récurrente,récurrence non chiffrée,N2/N3 lorsque documenté,Référent SOC premier niveau d’escalade ; autres niveaux non établis,non établi,non établi,non applicable,,non établie,non établi,ETI; Grands comptes,Multi-secteurs,France / international,multi-éditeurs,SRC-PUB-ITRACING-006,"RSSI Part-time d’I-TRACING pour MOTUL, une vision globale de la sécurité du groupe, tout en éprouvant le fonctionnement opérationnel et quotidien des solutions de cybersécurité et changements mis en œuvre.",2026-07-22,Élevée sur l’offre déclarée ; performance et économie non auditées,À valider
SRV-PUB-ITRACING-009,ENT-PUB-ITRACING-001,DEMANDE_MSP,Groupe I-TRACING / France selon source,I-TRACING ou entité explicitement nommée,France et filiales internationales,"CLM, intégration et MCO/MCS",Certificats / PKI,piloté pour le client,Offre publiée,récurrente,continue selon MCO/MCS,N2/N3 lorsque documenté,Référent SOC premier niveau d’escalade ; autres niveaux non établis,non établi,non établi,Automatismes CLM,,non établie,non établi,Entreprises — taille non établie,Multi-secteurs,France / international,INGroupe; Keyfactor; EverTrust; CyberArk,SRC-PUB-ITRACING-008,1. L’audit et l’inventaire initial de votre parc. 2. L’intégration sur-mesure dans vos workflows techniques et chaînes DevOps. 3. La configuration des automatismes pour une continuité sans intervention. 4. Le MCO/MCS pour assurer la pérennité de votre infrastructure de confiance.,2026-07-22,Élevée sur l’offre déclarée ; performance et économie non auditées,À valider
